
{
    "comment" : "This file is used to help set default values when using the dotnet CLI extension Amazon.ElasticBeanstalk.Tools. For more information run \"dotnet eb --help\" from the project root.",
    "profile" : "AWS RI-ING NET",
    "region"  : "eu-west-1",
    "application" : "PazigradLawyersWeb",
    "environment" : "PazigradLawyersWeb-dev",
    "solution-stack" : "64bit Windows Server 2019 v2.5.7 running IIS 10.0",
    "iis-website"    : "Default Web Site",
    "app-path"       : "/kreg",
    "enable-xray"    : false
}