
{
    "region" : "eu-west-1",
    "profile" : "AWSDevOps",
    "configuration" : "Release",
    "tag"           : "riingnet:lawyersdebug",
    "docker-build-working-dir" : "",
    "cluster"                  : "fargate-cluster",
    "launch-type"              : "FARGATE",
    "launch-subnets"           : "subnet-3b80bd4f",
    "launch-security-groups"   : "sg-0df02c55a4938d4a3",
    "assign-public-ip"         : true,
    "task-definition-name"     : "PazigradLawyersWeb",
    "task-cpu"                 : "256",
    "task-memory"              : "512",
    "task-definition-task-role" : "arn:aws:iam::190812271940:role/ecsTaskExecutionRole",
    "task-execution-role"       : "ecsTaskExecutionRole",
    "container-name"            : "PazigradLawyersWeb",
    "container-port-mapping"    : "80:80",
    "container-environment-variables" : "\"ASPNETCORE_ENVIRONMENT\"=\"Production\"",
    "skip-image-push"                 : false,
    "cluster-service"                 : "PazigradLawyersWeb",
    "desired-count"                   : 2,
    "deployment-minimum-healthy-percent" : 50,
    "deployment-maximum-percent"         : 200,
    "elb-target-group"                   : "arn:aws:elasticloadbalancing:eu-west-1:190812271940:targetgroup/TG10-lawyersweb/e69b6874222c4235",
    "elb-container-port"                 : 80,
    "vstoolkit-deployment-mode"          : "DeployService"
}