
{
    "comment" : "This file is used to help set default values when using the dotnet CLI extension Amazon.ElasticBeanstalk.Tools. For more information run \"dotnet eb --help\" from the project root.",
    "profile" : "AWS RI-ING NET",
    "region"  : "eu-west-1",
    "application" : "PazigradLawyersWeb",
    "environment" : "PazigradLawyersWeb-dev",
    "cname"       : "pazigradlawyersweb-dev",
    "solution-stack" : "64bit Windows Server 2019 v2.5.7 running IIS 10.0",
    "environment-type" : "SingleInstance",
    "instance-profile" : "aws-elasticbeanstalk-ec2-role",
    "service-role"     : "aws-elasticbeanstalk-service-role",
    "health-check-url" : "/",
    "instance-type"    : "t3a.medium",
    "key-pair"         : "r1",
    "iis-website"      : "Default Web Site",
    "app-path"         : "/",
    "enable-xray"      : false,
    "configuration"    : "Release",
    "framework"        : "netcoreapp3.1",
    "self-contained"   : false,
    "enhanced-health-type" : "basic",
    "additional-options"   : "\"aws:autoscaling:launchconfiguration,SecurityGroups\"=\"sg-dca74db3\";\"aws:ec2:vpc,Subnets\"=\"subnet-c6f8d7ad\"",
    "loadbalancer-type"    : "application",
    "proxy-server"         : "none"
}